Date,Open,High,Low,Close,Volume,Adj Close
2010-10-01,"10,789.72","10,907.41","10,759.14","10,829.68",4298910000,"10,829.68"
2010-09-30,"10,835.96","10,960.99","10,732.27","10,788.05",4284160000,"10,788.05"
2010-09-29,"10,857.98","10,901.96","10,759.75","10,835.28",3990280000,"10,835.28"
2010-09-28,"10,809.85","10,905.44","10,714.03","10,858.14",4025840000,"10,858.14"
2010-09-27,"10,860.03","10,902.52","10,776.44","10,812.04",3587860000,"10,812.04"
2010-09-24,"10,664.39","10,897.83","10,664.39","10,860.26",4123950000,"10,860.26"
2010-09-23,"10,738.48","10,779.65","10,610.12","10,662.42",3847850000,"10,662.42"
2010-09-22,"10,761.11","10,829.75","10,682.4","10,739.31",3911070000,"10,739.31"
2010-09-21,"10,753.39","10,844.89","10,674.83","10,761.03",4175660000,"10,761.03"
2010-09-20,"10,608.08","10,783.51","10,594.38","10,753.62",3364080000,"10,753.62"
2010-09-17,"10,595.44","10,689.29","10,529.67","10,607.85",4086140000,"10,607.85"
2010-09-16,"10,571.75","10,624.58","10,499.43","10,594.83",3364080000,"10,594.83"
2010-09-15,"10,526.42","10,609.21","10,453.15","10,572.73",3369840000,"10,572.73"
2010-09-14,"10,544.81","10,622.69","10,460.34","10,526.49",4521050000,"10,526.49"
2010-09-13,"10,458.6","10,605.73","10,458.45","10,544.13",4521050000,"10,544.13"
2010-09-10,"10,415.01","10,502.8","10,376.34","10,462.77",3061160000,"10,462.77"
2010-09-09,"10,388.22","10,515.86","10,359.23","10,415.24",3387770000,"10,415.24"
2010-09-08,"10,338.57","10,460.5","10,318.93","10,387.01",3224640000,"10,387.01"
2010-09-07,"10,446.8","10,448.99","10,304.44","10,340.69",3107380000,"10,340.69"
2010-09-03,"10,321.92","10,484.71","10,321.92","10,447.93",3534500000,"10,447.93"
2010-09-02,"10,270.08","10,350.98","10,211.8","10,320.1",3704210000,"10,320.1"
2010-09-01,"10,016.01","10,305.87","10,016.01","10,269.47",4396880000,"10,269.47"
2010-08-31,"10,006.42","10,101.53","9,915.73","10,014.72",4038770000,"10,014.72"
2010-08-30,"10,145.58","10,170.1","10,005.56","10,009.73",2917990000,"10,009.73"
2010-08-27,"9,982.4","10,176.3","9,925.11","10,150.65",4102460000,"10,150.65"
2010-08-26,"10,059.83","10,138.12","9,959.17","9,985.81",3646710000,"9,985.81"
2010-08-25,"10,040.15","10,104.18","9,925.34","10,060.06",4360190000,"10,060.06"
2010-08-24,"10,170.86","10,170.86","9,975.86","10,040.45",4436330000,"10,040.45"
2010-08-23,"10,215.51","10,328.88","10,146.18","10,174.41",3210950000,"10,174.41"
2010-08-20,"10,270.98","10,276.13","10,131.88","10,213.62",3761570000,"10,213.62"
2010-08-19,"10,411.15","10,412.29","10,202.34","10,271.21",4290540000,"10,271.21"
2010-08-18,"10,398.59","10,486.38","10,308.83","10,415.54",3724260000,"10,415.54"
2010-08-17,"10,297.55","10,501.67","10,297.55","10,405.85",3968210000,"10,405.85"
2010-08-16,"10,303.07","10,354.39","10,193.26","10,302.01",3142450000,"10,302.01"
2010-08-13,"10,320.33","10,381.86","10,254.18","10,303.15",3328890000,"10,303.15"
2010-08-12,"10,361.58","10,388.37","10,222.85","10,319.95",4521050000,"10,319.95"
2010-08-11,"10,631.82","10,631.82","10,339.63","10,378.83",4511860000,"10,378.83"
2010-08-10,"10,696.63","10,717.21","10,522.63","10,644.25",3979360000,"10,644.25"
2010-08-09,"10,654.62","10,755.66","10,618.26","10,698.75",3191630000,"10,698.75"
2010-08-06,"10,668.55","10,688.08","10,491.37","10,653.56",3857890000,"10,653.56"
2010-08-05,"10,679.67","10,712.37","10,571.6","10,674.98",3685560000,"10,674.98"
2010-08-04,"10,630.2","10,738.48","10,583.1","10,680.43",4057850000,"10,680.43"
2010-08-03,"10,673.92","10,714.19","10,564.18","10,636.38",4071820000,"10,636.38"
2010-08-02,"10,468.82","10,715.21","10,468.82","10,674.38",4144180000,"10,674.38"
2010-07-30,"10,465.19","10,528.84","10,327.37","10,465.94",4006450000,"10,465.94"
2010-07-29,"10,498.94","10,609.74","10,383.45","10,467.16",4612420000,"10,467.16"
2010-07-28,"10,537.01","10,586.36","10,445.17","10,497.88",4002390000,"10,497.88"
2010-07-27,"10,525.28","10,632.52","10,460.65","10,537.69",4725690000,"10,537.69"
2010-07-26,"10,424.17","10,545.94","10,391.02","10,525.43",4009650000,"10,525.43"
2010-07-23,"10,321.16","10,465.19","10,237.84","10,424.62",4524570000,"10,424.62"
2010-07-22,"10,121.81","10,391.78","10,121.81","10,322.3",4826900000,"10,322.3"
2010-07-21,"10,226.02","10,310.04","10,053.85","10,120.53",4747180000,"10,120.53"
2010-07-20,"10,151.48","10,248.2","9,973.17","10,229.96",4713280000,"10,229.96"
2010-07-19,"10,098.12","10,213.09","10,051.28","10,154.43",4089500000,"10,154.43"
2010-07-16,"10,356.2","10,356.2","10,071.63","10,097.9",5297350000,"10,097.9"
2010-07-15,"10,367.1","10,409.49","10,216.04","10,359.31",4552470000,"10,359.31"
2010-07-14,"10,370.96","10,423.03","10,265.16","10,366.72",4521050000,"10,366.72"
2010-07-13,"10,217.55","10,436.2","10,217.55","10,363.02",4640460000,"10,363.02"
2010-07-12,"10,199.24","10,260.62","10,121.13","10,216.27",3426990000,"10,216.27"
2010-07-09,"10,137.93","10,226.48","10,079.05","10,198.03",3506570000,"10,198.03"
2010-07-08,"10,019.26","10,175.02","9,987.02","10,138.99",4548460000,"10,138.99"
2010-07-07,"9,736.85","10,029.93","9,716.38","10,018.28",4931220000,"10,018.28"
2010-07-06,"9,689.21","9,880.76","9,648.26","9,743.62",4691240000,"9,743.62"
2010-07-02,"9,732.23","9,798.19","9,603.8","9,686.48",3968500000,"9,686.48"
2010-07-01,"9,773.27","9,834.71","9,596.04","9,732.53",6435770000,"9,732.53"
2010-06-30,"9,868.34","9,951.47","9,741.07","9,774.02",5067080000,"9,774.02"
2010-06-29,"10,135.72","10,135.72","9,786.45","9,870.3",6136700000,"9,870.3"
2010-06-28,"10,143.05","10,246.82","10,070.12","10,138.52",3896410000,"10,138.52"
2010-06-25,"10,153.48","10,261.1","10,039.97","10,143.81",5128840000,"10,143.81"
2010-06-24,"10,297.08","10,314.31","10,112.6","10,152.8",4814830000,"10,152.8"
2010-06-23,"10,293.3","10,393.89","10,195.81","10,298.44",4526150000,"10,298.44"
2010-06-22,"10,441.95","10,524.78","10,276.14","10,293.52",4514380000,"10,293.52"
2010-06-21,"10,452.46","10,627.19","10,387.54","10,442.41",4514360000,"10,442.41"
2010-06-18,"10,435","10,513.75","10,379.6","10,450.64",4555360000,"10,450.64"
2010-06-17,"10,409.98","10,479.74","10,293.49","10,434.17",4557760000,"10,434.17"
2010-06-16,"10,404.24","10,456.39","10,289.37","10,409.46",5002600000,"10,409.46"
2010-06-15,"10,192.4","10,416.11","10,192.4","10,404.77",4644490000,"10,404.77"
2010-06-14,"10,211.83","10,354.97","10,175.02","10,190.89",4425830000,"10,190.89"
2010-06-11,"10,166.78","10,235.1","10,038.31","10,211.07",4059280000,"10,211.07"
2010-06-10,"9,901.67","10,206.61","9,901.67","10,172.53",5144780000,"10,172.53"
2010-06-09,"9,941.57","10,093.33","9,859.04","9,899.25",5983200000,"9,899.25"
2010-06-08,"9,812.94","9,971.57","9,726.33","9,939.98",6192750000,"9,939.98"
2010-06-07,"9,931.75","10,025.84","9,798.73","9,816.49",5467560000,"9,816.49"
2010-06-04,"10,249.61","10,249.61","9,881.11","9,931.97",6180580000,"9,931.97"
2010-06-03,"10,250.67","10,348.84","10,158.92","10,255.28",4995970000,"10,255.28"
2010-06-02,"10,025.61","10,256.57","10,007.09","10,249.54",5026360000,"10,249.54"
2010-06-01,"10,133.94","10,249.27","9,976.56","10,024.02",5271480000,"10,024.02"
2010-05-28,"10,258","10,293.45","10,078.66","10,136.63",4871210000,"10,136.63"
2010-05-27,"9,971.73","10,279.01","9,971.73","10,258.99",5698460000,"10,258.99"
2010-05-26,"10,045.11","10,211.6","9,937.79","9,974.45",4521050000,"9,974.45"
2010-05-25,"10,061.43","10,061.43","9,756.11","10,043.75",7329580000,"10,043.75"
2010-05-24,"10,193.46","10,235.63","10,028.78","10,066.57",5224040000,"10,066.57"
2010-05-21,"10,063.93","10,225.88","9,860.93","10,193.39",5452130000,"10,193.39"
2010-05-20,"10,440.21","10,440.21","10,042.46","10,068.01",8328569600,"10,068.01"
2010-05-19,"10,505.7","10,558.56","10,306.22","10,444.37",6765800000,"10,444.37"
2010-05-18,"10,625.45","10,760.05","10,463.15","10,510.95",6170840000,"10,510.95"
2010-05-17,"10,616.98","10,707.3","10,424.72","10,625.83",5922920000,"10,625.83"
2010-05-14,"10,780.68","10,780.68","10,509.89","10,620.16",6126400000,"10,620.16"
2010-05-13,"10,896.61","10,952.84","10,752.72","10,782.95",4870640000,"10,782.95"
2010-05-12,"10,742.15","10,941.88","10,725.81","10,896.91",5225460000,"10,896.91"
2010-05-11,"10,780","10,888.3","10,653.71","10,748.26",5842550000,"10,748.26"
2010-05-10,"10,386.18","10,880.14","10,386.18","10,785.14",6893700000,"10,785.14"
2010-05-07,"10,519.42","10,622.27","10,221.5","10,380.43",9472910400,"10,380.43"
2010-05-06,"10,862.22","10,925.86","9,787.17","10,520.32",10617809600,"10,520.32"
2010-05-05,"10,918.4","10,984.05","10,754.3","10,868.12",6795940000,"10,868.12"
2010-05-04,"11,149.48","11,149.48","10,843.71","10,926.77",6594720000,"10,926.77"
2010-05-03,"11,009.6","11,203.37","11,004.15","11,151.83",4938050000,"11,151.83"
2010-04-30,"11,168.23","11,235.94","10,984.35","11,008.61",6048260000,"11,008.61"
2010-04-29,"11,045.64","11,232.54","11,045.64","11,167.32",6059410000,"11,167.32"
2010-04-28,"10,988.87","11,115.63","10,938.48","11,045.27",6342310000,"11,045.27"
2010-04-27,"11,203.67","11,260.88","10,962.81","10,991.99",7454540000,"10,991.99"
2010-04-26,"11,205.11","11,308.95","11,150.01","11,205.03",5647760000,"11,205.03"
2010-04-23,"11,132.18","11,247.2","11,058.87","11,204.28",5326060000,"11,204.28"
2010-04-22,"11,119.78","11,175.33","10,975.66","11,134.29",6035780000,"11,134.29"
2010-04-21,"11,116.91","11,217.35","11,018.59","11,124.92",5724310000,"11,124.92"
2010-04-20,"11,093.11","11,190.22","11,045.8","11,117.06",5316590000,"11,117.06"
2010-04-19,"11,018.36","11,116.76","10,940.6","11,092.05",6597740000,"11,092.05"
2010-04-16,"11,143.66","11,186.82","10,947.55","11,018.66",8108470400,"11,018.66"
2010-04-15,"11,122.96","11,189.61","11,051.31","11,144.57",5995330000,"11,144.57"
2010-04-14,"11,020.7","11,147.14","11,004.61","11,123.11",5760040000,"11,123.11"
2010-04-13,"11,006.72","11,072.7","10,925.86","11,019.42",5403580000,"11,019.42"
2010-04-12,"10,996.75","11,066.96","10,957.22","11,005.97",4607090000,"11,005.97"
2010-04-09,"10,926.92","11,032.12","10,894.19","10,997.35",4511570000,"10,997.35"
2010-04-08,"10,896.99","10,969.92","10,810.15","10,927.07",4726970000,"10,927.07"
2010-04-07,"10,961.95","11,000.22","10,835.77","10,897.52",5101430000,"10,897.52"
2010-04-06,"10,972.49","11,017.76","10,893.89","10,969.99",4086180000,"10,969.99"
2010-04-05,"10,927.45","11,026.75","10,880.36","10,973.55",3881620000,"10,973.55"
2010-04-01,"10,857.31","10,983.14","10,851.57","10,927.07",4006870000,"10,927.07"
2010-03-31,"10,907.34","10,933.19","10,802.22","10,856.63",4484340000,"10,856.63"
2010-03-30,"10,895.02","10,968.56","10,837.21","10,907.42",4085000000,"10,907.42"
2010-03-29,"10,849.23","10,954.43","10,827.91","10,895.86",4375580000,"10,895.86"
2010-03-26,"10,841.29","10,934.85","10,801.84","10,850.36",4708420000,"10,850.36"
2010-03-25,"10,837.51","10,985.26","10,818.77","10,841.21",5668900000,"10,841.21"
2010-03-24,"10,887.62","10,925.48","10,788.77","10,836.15",4705750000,"10,836.15"
2010-03-23,"10,787.18","10,906.06","10,752.41","10,888.83",4411640000,"10,888.83"
2010-03-22,"10,741","10,836.68","10,672.23","10,785.89",4261680000,"10,785.89"
2010-03-19,"10,780","10,869.55","10,665.35","10,741.98",5212410000,"10,741.98"
2010-03-18,"10,733.44","10,821.49","10,686.89","10,779.17",4234510000,"10,779.17"
2010-03-17,"10,686.36","10,787.86","10,658.1","10,733.67",4963200000,"10,733.67"
2010-03-16,"10,642.53","10,717.42","10,594.16","10,685.98",4369770000,"10,685.98"
2010-03-15,"10,623.41","10,680.32","10,540.65","10,642.15",4164110000,"10,642.15"
2010-03-12,"10,611.77","10,690.9","10,561.66","10,624.69",4928160000,"10,624.69"
2010-03-11,"10,560.98","10,626.73","10,489.87","10,611.84",4669060000,"10,611.84"
2010-03-10,"10,560.13","10,639.05","10,502.64","10,567.33",5469120000,"10,567.33"
2010-03-09,"10,552.24","10,637.46","10,493.49","10,564.38",5185570000,"10,564.38"
2010-03-08,"10,563.78","10,632.48","10,500.9","10,552.52",3774680000,"10,552.52"
2010-03-05,"10,445.13","10,587.13","10,445.13","10,566.2",4133000000,"10,566.2"
2010-03-04,"10,396.53","10,484.05","10,363.88","10,444.14",3945010000,"10,444.14"
2010-03-03,"10,406.28","10,496.22","10,359.58","10,396.76",3951320000,"10,396.76"
2010-03-02,"10,404.16","10,493.8","10,359.8","10,405.98",4134680000,"10,405.98"
2010-03-01,"10,326.1","10,444.6","10,320.05","10,403.79",3847640000,"10,403.79"
2010-02-26,"10,321.41","10,391.24","10,250.45","10,325.26",3945190000,"10,325.26"
2010-02-25,"10,366.6","10,366.6","10,155.75","10,321.03",4521130000,"10,321.03"
2010-02-24,"10,284","10,416.94","10,271.61","10,374.16",4168360000,"10,374.16"
2010-02-23,"10,383.16","10,430.16","10,239.34","10,282.41",4521050000,"10,282.41"
2010-02-22,"10,402.43","10,468.55","10,333.05","10,383.38",3814440000,"10,383.38"
2010-02-19,"10,387.77","10,459.18","10,316.5","10,402.35",3944280000,"10,402.35"
2010-02-18,"10,309.39","10,416.79","10,255.58","10,392.9",3878620000,"10,392.9"
2010-02-17,"10,261.48","10,366.83","10,223.16","10,309.24",4259230000,"10,309.24"
2010-02-16,"10,100.81","10,292.62","10,100.81","10,268.81",4080770000,"10,268.81"
2010-02-12,"10,137.23","10,140.18","9,962.13","10,099.14",4160680000,"10,099.14"
2010-02-11,"10,037.85","10,184.85","9,963.19","10,144.19",4400870000,"10,144.19"
2010-02-10,"10,055.46","10,120.15","9,946.26","10,038.38",4251450000,"10,038.38"
2010-02-09,"9,910.28","10,154.24","9,910.28","10,058.64",5114260000,"10,058.64"
2010-02-08,"10,005.43","10,059.24","9,882.85","9,908.39",4089820000,"9,908.39"
2010-02-05,"10,003.69","10,078.89","9,822.84","10,012.23",6438900000,"10,012.23"
2010-02-04,"10,273.12","10,273.12","9,984.35","10,002.18",5859690000,"10,002.18"
2010-02-03,"10,291.73","10,356.86","10,192.03","10,270.55",4285450000,"10,270.55"
2010-02-02,"10,186.13","10,333.35","10,138.75","10,296.85",4749540000,"10,296.85"
2010-02-01,"10,068.99","10,227.24","10,068.99","10,185.53",4077610000,"10,185.53"
2010-01-29,"10,122.04","10,272.29","10,014.35","10,067.33",5412850000,"10,067.33"
2010-01-28,"10,236.92","10,310.68","10,023.8","10,120.46",5452400000,"10,120.46"
2010-01-27,"10,194.29","10,294.13","10,060.98","10,236.16",5319120000,"10,236.16"
2010-01-26,"10,195.35","10,323","10,102.17","10,194.29",4731910000,"10,194.29"
2010-01-25,"10,175.1","10,316.65","10,135.95","10,196.86",4481390000,"10,196.86"
2010-01-22,"10,389.58","10,450.04","10,133.15","10,172.98",6208650000,"10,172.98"
2010-01-21,"10,603.91","10,651.14","10,334.18","10,389.88",6874289600,"10,389.88"
2010-01-20,"10,719.69","10,719.69","10,492.36","10,603.15",4810560000,"10,603.15"
2010-01-19,"10,608.37","10,763.45","10,555.47","10,725.43",4724830000,"10,725.43"
2010-01-15,"10,706.99","10,736.54","10,529.09","10,609.65",4758730000,"10,609.65"
2010-01-14,"10,680.16","10,767.15","10,619.02","10,710.55",3915200000,"10,710.55"
2010-01-13,"10,628.09","10,747.12","10,569.07","10,680.77",4170360000,"10,680.77"
2010-01-12,"10,662.86","10,701.48","10,523.35","10,627.26",4716160000,"10,627.26"
2010-01-11,"10,620.31","10,739.87","10,538.91","10,663.99",4255780000,"10,663.99"
2010-01-08,"10,606.4","10,653.11","10,509.74","10,618.19",4389590000,"10,618.19"
2010-01-07,"10,571.11","10,655.6","10,471.73","10,606.86",5270680000,"10,606.86"
2010-01-06,"10,564.72","10,655.22","10,488.28","10,573.68",4972660000,"10,573.68"
2010-01-05,"10,584.56","10,647.14","10,468.86","10,572.02",2491020000,"10,572.02"
2010-01-04,"10,430.69","10,641.62","10,430.69","10,583.96",3991400000,"10,583.96"
2009-12-31,"10,548.51","10,578.74","10,420.56","10,428.05",2076990000,"10,428.05"
2009-12-30,"10,544.36","10,583.28","10,470.75","10,548.51",2277300000,"10,548.51"
2009-12-29,"10,547.83","10,605.65","10,518.59","10,545.41",2491020000,"10,545.41"
2009-12-28,"10,517.91","10,585.02","10,477.25","10,547.08",2716400000,"10,547.08"
2009-12-24,"10,467.12","10,541.26","10,450.95","10,520.1",1267710000,"10,520.1"
2009-12-23,"10,464.32","10,520.93","10,409","10,466.44",3166870000,"10,466.44"
2009-12-22,"10,414.67","10,511.56","10,399.33","10,464.93",3641130000,"10,464.93"
2009-12-21,"10,330.1","10,489.41","10,330.1","10,414.14",3977340000,"10,414.14"
2009-12-18,"10,309.39","10,412.55","10,237.75","10,328.89",6325890000,"10,328.89"
2009-12-17,"10,439.99","10,439.99","10,279.39","10,308.26",7615070400,"10,308.26"
2009-12-16,"10,449.81","10,552.75","10,401.9","10,441.12",4829820000,"10,441.12"
2009-12-15,"10,499.31","10,542.09","10,380.96","10,452",5045100000,"10,452"
2009-12-14,"10,471.28","10,566.88","10,431.6","10,501.05",4548490000,"10,501.05"
2009-12-11,"10,403.41","10,516.47","10,385.42","10,471.5",3791090000,"10,471.5"
2009-12-10,"10,336","10,479.06","10,332.14","10,405.83",3996490000,"10,405.83"
2009-12-09,"10,282.85","10,377.11","10,207.29","10,337.05",4115410000,"10,337.05"
2009-12-08,"10,385.42","10,385.42","10,216.44","10,285.97",4748030000,"10,285.97"
2009-12-07,"10,386.86","10,478.23","10,321.11","10,390.11",4103360000,"10,390.11"
2009-12-04,"10,368.57","10,549.04","10,285.44","10,388.9",5781140000,"10,388.9"
2009-12-03,"10,455.63","10,533.55","10,338.49","10,366.15",4810030000,"10,366.15"
2009-12-02,"10,470.44","10,537.63","10,386.03","10,452.68",3941340000,"10,452.68"
2009-12-01,"10,343.82","10,537.03","10,343.82","10,471.58",4249310000,"10,471.58"
2009-11-30,"10,309.77","10,394.34","10,238.05","10,344.84",3895520000,"10,344.84"
2009-11-27,"10,452.23","10,452.23","10,179.33","10,309.92",2362910000,"10,309.92"
2009-11-25,"10,432.96","10,513.6","10,385.65","10,464.4",3036350000,"10,464.4"
2009-11-24,"10,451.25","10,488.66","10,335.62","10,433.71",3700820000,"10,433.71"
2009-11-23,"10,320.13","10,524.4","10,320.13","10,450.95",3827920000,"10,450.95"
2009-11-20,"10,327.91","10,377.41","10,237.6","10,318.16",3751230000,"10,318.16"
2009-11-19,"10,425.33","10,425.33","10,226.41","10,332.44",4178030000,"10,332.44"
2009-11-18,"10,426.27","10,471.28","10,330.33","10,426.31",4293340000,"10,426.31"
2009-11-17,"10,404.77","10,465.76","10,318.69","10,437.42",3824070000,"10,437.42"
2009-11-16,"10,267.53","10,465.83","10,267.53","10,406.96",4565850000,"10,406.96"
2009-11-13,"10,197.85","10,332.29","10,162.93","10,270.47",3792610000,"10,270.47"
2009-11-12,"10,289.82","10,341.21","10,157.64","10,197.47",4160250000,"10,197.47"
2009-11-11,"10,247.42","10,357.38","10,217.19","10,291.26",4286700000,"10,291.26"
2009-11-10,"10,223.01","10,300.33","10,148.12","10,246.97",4394770000,"10,246.97"
2009-11-09,"10,020.62","10,248.93","10,020.62","10,226.94",4460030000,"10,226.94"
2009-11-06,"10,001.35","10,077.08","9,898.49","10,023.42",4277130000,"10,023.42"
2009-11-05,"9,807.8","10,043.75","9,807.8","10,005.96",4848350000,"10,005.96"
2009-11-04,"9,767.3","9,962.35","9,745.76","9,802.14",5635510000,"9,802.14"
2009-11-03,"9,787.47","9,844.84","9,649.78","9,771.91",5487500000,"9,771.91"
2009-11-02,"9,712.13","9,883.68","9,647.06","9,789.44",6202640000,"9,789.44"
2009-10-30,"9,961.52","9,980.19","9,664.89","9,712.73",6512420000,"9,712.73"
2009-10-29,"9,762.91","9,996.67","9,762.91","9,962.58",5595040000,"9,962.58"
2009-10-28,"9,881.11","9,940.89","9,723.31","9,762.69",6600350000,"9,762.69"
2009-10-27,"9,868.34","9,994.55","9,802.36","9,882.17",5337380000,"9,882.17"
2009-10-26,"9,972.33","10,107.99","9,817.55","9,867.96",6363380000,"9,867.96"
2009-10-23,"10,099.9","10,138.59","9,908.7","9,972.18",4767460000,"9,972.18"
2009-10-22,"9,946.18","10,133.08","9,879.07","10,081.31",5192410000,"10,081.31"
2009-10-21,"10,038.84","10,157.94","9,909.83","9,949.36",5616290000,"9,949.36"
2009-10-20,"10,092.42","10,157.26","9,952.98","10,041.48",5396930000,"10,041.48"
2009-10-19,"9,996.67","10,146.61","9,967.49","10,092.19",4619240000,"10,092.19"
2009-10-16,"10,061.36","10,072.62","9,884.51","9,995.91",4894740000,"9,995.91"
2009-10-15,"10,014.88","10,087.43","9,916.93","10,062.94",5369780000,"10,062.94"
2009-10-14,"9,873.55","10,064.98","9,873.55","10,015.86",5406420000,"10,015.86"
2009-10-13,"9,883.98","9,935.53","9,780.9","9,871.06",4320480000,"9,871.06"
2009-10-12,"9,865.24","9,978.07","9,814.45","9,885.8",3710430000,"9,885.8"
2009-10-09,"9,786.04","9,890.41","9,731.32","9,864.94",3763780000,"9,864.94"
2009-10-08,"9,728.22","9,872.5","9,709.78","9,786.87",4988400000,"9,786.87"
2009-10-07,"9,725.69","9,782.56","9,634.96","9,725.58",4238220000,"9,725.58"
2009-10-06,"9,601.26","9,793.37","9,601.26","9,731.25",5029840000,"9,731.25"
2009-10-05,"9,488.73","9,640.33","9,449.81","9,599.75",4313310000,"9,599.75"
2009-10-02,"9,507.62","9,571.71","9,378.77","9,487.67",5583240000,"9,487.67"
2009-10-01,"9,711.6","9,714.7","9,482.98","9,509.28",5791450000,"9,509.28"
2009-09-30,"9,741.83","9,817.17","9,583.04","9,712.28",5998860000,"9,712.28"
2009-09-29,"9,789.74","9,861.99","9,705.1","9,742.2",4949900000,"9,742.2"
2009-09-28,"9,663.23","9,861.39","9,658.09","9,789.36",3726950000,"9,789.36"
2009-09-25,"9,706.68","9,781.73","9,605.19","9,665.19",4507090000,"9,665.19"
2009-09-24,"9,749.99","9,836.82","9,637.53","9,707.44",5505610000,"9,707.44"
2009-09-23,"9,830.63","9,937.72","9,724.9","9,748.55",5531930000,"9,748.55"
2009-09-22,"9,779.61","9,890.71","9,742.96","9,829.87",5246600000,"9,829.87"
2009-09-21,"9,818.61","9,846.12","9,688.4","9,778.86",4615280000,"9,778.86"
2009-09-18,"9,784.75","9,898.57","9,751.27","9,820.2",5607970000,"9,820.2"
2009-09-17,"9,789.82","9,896.38","9,706.23","9,783.92",6668110000,"9,783.92"
2009-09-16,"9,683.71","9,837.05","9,648.95","9,791.71",6793529600,"9,791.71"
2009-09-15,"9,626.42","9,745.91","9,553.8","9,683.41",6185620000,"9,683.41"
2009-09-14,"9,598.08","9,662.1","9,492.96","9,626.8",4979610000,"9,626.8"
2009-09-11,"9,625.44","9,698.67","9,532.11","9,605.41",4922600000,"9,605.41"
2009-09-10,"9,546.54","9,666.55","9,479.2","9,627.48",5191380000,"9,627.48"
2009-09-09,"9,496.59","9,604.43","9,435.45","9,547.22",5202550000,"9,547.22"
2009-09-08,"9,440.13","9,564.45","9,402.8","9,497.34",5235160000,"9,497.34"
2009-09-04,"9,345.36","9,465.37","9,302.28","9,441.27",4097370000,"9,441.27"
2009-09-03,"9,282.03","9,350.27","9,252.93","9,344.61",4624280000,"9,344.61"
2009-09-02,"9,306.21","9,378.77","9,223.08","9,280.67",5842730000,"9,280.67"
2009-09-01,"9,492.32","9,573.67","9,275.15","9,310.6",6862360000,"9,310.6"
2009-08-31,"9,542.91","9,552.97","9,389.27","9,496.28",5004560000,"9,496.28"
2009-08-28,"9,582.74","9,666.71","9,476.63","9,544.2",5785780000,"9,544.2"
2009-08-27,"9,541.63","9,629.98","9,440.43","9,580.63",5785880000,"9,580.63"
2009-08-26,"9,538.61","9,613.65","9,446.71","9,543.52",5080060000,"9,543.52"
2009-08-25,"9,509.21","9,646.53","9,485.7","9,539.29",5768740000,"9,539.29"
2009-08-24,"9,506.18","9,625.89","9,442.17","9,509.28",6302450000,"9,509.28"
2009-08-21,"9,347.86","9,549.19","9,347.86","9,505.96",5885550000,"9,505.96"
2009-08-20,"9,278.55","9,385.72","9,237.52","9,350.05",4893160000,"9,350.05"
2009-08-19,"9,208.68","9,333.34","9,099.14","9,279.16",4257000000,"9,279.16"
2009-08-18,"9,134.36","9,262.08","9,124.08","9,217.94",4198970000,"9,217.94"
2009-08-17,"9,313.85","9,313.85","9,078.28","9,135.34",4854970000,"9,135.34"
2009-08-14,"9,398.04","9,425.17","9,214.47","9,321.4",4940750000,"9,321.4"
2009-08-13,"9,362.29","9,448.97","9,269.26","9,398.19",5250660000,"9,398.19"
2009-08-12,"9,236.06","9,442.47","9,199.8","9,361.61",5498170000,"9,361.61"
2009-08-11,"9,334.33","9,351.86","9,180.23","9,241.45",5773160000,"9,241.45"
2009-08-10,"9,368.41","9,420.56","9,249.99","9,337.95",5406080000,"9,337.95"
2009-08-07,"9,258.45","9,466.89","9,258.45","9,370.07",6827089600,"9,370.07"
2009-08-06,"9,277.19","9,378.01","9,168.44","9,256.26",6753380000,"9,256.26"
2009-08-05,"9,315.36","9,374.38","9,173.2","9,280.97",7242120000,"9,280.97"
2009-08-04,"9,285.05","9,370.3","9,207.21","9,320.19",5713700000,"9,320.19"
2009-08-03,"9,173.65","9,342.11","9,162.09","9,286.56",5603440000,"9,286.56"
2009-07-31,"9,154.61","9,264.65","9,081.3","9,171.61",5139070000,"9,171.61"
2009-07-30,"9,072.84","9,298.13","9,072.84","9,154.46",6035180000,"9,154.46"
2009-07-29,"9,092.34","9,141.23","8,967.26","9,070.72",5178770000,"9,070.72"
2009-07-28,"9,106.92","9,154.76","8,980.03","9,096.72",5490350000,"9,096.72"
2009-07-27,"9,093.09","9,154.23","8,996.58","9,108.51",4631290000,"9,108.51"
2009-07-24,"9,066.11","9,144.48","8,955.77","9,093.24",4458300000,"9,093.24"
2009-07-23,"8,882.31","9,143.05","8,837.95","9,069.29",5761650000,"9,069.29"
2009-07-22,"8,912.39","8,993.48","8,802.13","8,881.26",4634100000,"8,881.26"
2009-07-21,"8,848.15","8,991.07","8,780.82","8,915.94",5309300000,"8,915.94"
2009-07-20,"8,746.05","8,884.43","8,717.26","8,848.15",4853150000,"8,848.15"
2009-07-17,"8,711.89","8,797.97","8,638.81","8,743.94",5141380000,"8,743.94"
2009-07-16,"8,612.66","8,750.28","8,543.97","8,711.82",4898640000,"8,711.82"
2009-07-15,"8,363.95","8,643.04","8,363.95","8,616.21",5238830000,"8,616.21"
2009-07-14,"8,331.37","8,407.48","8,255.27","8,359.49",4149030000,"8,359.49"
2009-07-13,"8,146.82","8,348.08","8,106.16","8,331.68",4499440000,"8,331.68"
2009-07-10,"8,182.49","8,216.65","8,057.57","8,146.52",3912080000,"8,146.52"
2009-07-09,"8,179.01","8,273.48","8,117.27","8,183.17",4347170000,"8,183.17"
2009-07-08,"8,157.02","8,259.05","8,057.94","8,178.41",5721780000,"8,178.41"
2009-07-07,"8,324.95","8,355.48","8,138.51","8,163.6",4673300000,"8,163.6"
2009-07-06,"8,279.3","8,364.02","8,156.49","8,324.87",4712580000,"8,324.87"
2009-07-02,"8,503","8,503","8,260.41","8,280.74",3931000000,"8,280.74"
2009-07-01,"8,447.53","8,610.32","8,447","8,504.06",3919400000,"8,504.06"
2009-06-30,"8,528.93","8,584.17","8,369.99","8,447",4627570000,"8,447"
2009-06-29,"8,440.13","8,569.59","8,406.57","8,529.38",4211760000,"8,529.38"
2009-06-26,"8,468.54","8,509.73","8,364.17","8,438.39",6076660000,"8,438.39"
2009-06-25,"8,299.25","8,512.6","8,236.07","8,472.4",4911240000,"8,472.4"
2009-06-24,"8,323.51","8,456.83","8,246.2","8,299.86",4636720000,"8,299.86"
2009-06-23,"8,340.44","8,413.22","8,239.17","8,322.91",5071020000,"8,322.91"
2009-06-22,"8,538.52","8,538.52","8,306.66","8,339.01",4903940000,"8,339.01"
2009-06-19,"8,556.96","8,665.26","8,476.02","8,539.73",5713390000,"8,539.73"
2009-06-18,"8,496.73","8,634.28","8,438.61","8,555.6",4684010000,"8,555.6"
2009-06-17,"8,504.36","8,602.99","8,421.46","8,497.18",5523650000,"8,497.18"
2009-06-16,"8,612.44","8,688.69","8,483.58","8,504.67",4951200000,"8,504.67"
2009-06-15,"8,798.5","8,798.5","8,540.87","8,612.13",4697880000,"8,612.13"
2009-06-12,"8,770.01","8,850.95","8,671.61","8,799.26",4528120000,"8,799.26"
2009-06-11,"8,736.23","8,911.11","8,697.99","8,770.92",5500840000,"8,770.92"
2009-06-10,"8,763.66","8,871.36","8,625.21","8,739.02",5379420000,"8,739.02"
2009-06-09,"8,764.83","8,854.8","8,688.99","8,763.06",4439950000,"8,763.06"
2009-06-08,"8,759.35","8,832.13","8,593.84","8,764.49",4483430000,"8,764.49"
2009-06-05,"8,751.75","8,900.48","8,673.41","8,763.13",5277910000,"8,763.13"
2009-06-04,"8,665.72","8,802.59","8,609.17","8,750.24",5352890000,"8,750.24"
2009-06-03,"8,740.07","8,750.83","8,556.9","8,675.24",5323770000,"8,675.24"
2009-06-02,"8,721.6","8,832.16","8,635.25","8,740.87",5987340000,"8,740.87"
2009-06-01,"8,501.53","8,797.58","8,501.53","8,721.44",6370440000,"8,721.44"
2009-05-29,"8,404.04","8,541.27","8,323.91","8,500.33",6050420000,"8,500.33"
2009-05-28,"8,300.5","8,463.7","8,221.65","8,403.8",5738980000,"8,403.8"
2009-05-27,"8,473.65","8,534.66","8,280.82","8,300.02",5698800000,"8,300.02"
2009-05-26,"8,275.33","8,523.59","8,194.33","8,473.49",5667050000,"8,473.49"
2009-05-22,"8,292.21","8,415.75","8,218.86","8,277.32",5155320000,"8,277.32"
2009-05-21,"8,416.07","8,416.07","8,185.25","8,292.13",6019840000,"8,292.13"
2009-05-20,"8,471.82","8,645.85","8,376.4","8,422.04",8205060000,"8,422.04"
2009-05-19,"8,502.48","8,594.16","8,402.61","8,474.85",6616270000,"8,474.85"
2009-05-18,"8,270.15","8,534.66","8,270.15","8,504.08",5702150000,"8,504.08"
2009-05-15,"8,326.22","8,422.28","8,206.67","8,268.64",5439720000,"8,268.64"
2009-05-14,"8,285.92","8,427.93","8,218.94","8,331.32",6134870000,"8,331.32"
2009-05-13,"8,461.8","8,461.8","8,208.74","8,284.89",7091820000,"8,284.89"
2009-05-12,"8,419.17","8,574.88","8,306.47","8,469.11",6871750400,"8,469.11"
2009-05-11,"8,569.23","8,569.23","8,347.41","8,418.77",6150600000,"8,418.77"
2009-05-08,"8,410.73","8,657.96","8,388.11","8,574.65",8163280000,"8,574.65"
2009-05-07,"8,513.56","8,651.51","8,296.04","8,409.85",9120100000,"8,409.85"
2009-05-06,"8,403.48","8,608.26","8,350.12","8,512.28",8555040000,"8,512.28"
2009-05-05,"8,425.55","8,520.8","8,321.37","8,410.65",6882860000,"8,410.65"
2009-05-04,"8,213.6","8,488.87","8,213.6","8,426.74",7038840000,"8,426.74"
2009-05-01,"8,167.41","8,278.28","8,047.54","8,212.41",5312170000,"8,212.41"
2009-04-30,"8,188.51","8,383.81","8,083.62","8,168.12",6862540000,"8,168.12"
2009-04-29,"8,018.31","8,278.12","8,018.31","8,185.73",6101620000,"8,185.73"
2009-04-28,"8,023.56","8,136.74","7,898.75","8,016.95",6328000000,"8,016.95"
2009-04-27,"8,073.82","8,152.27","7,920.42","8,025",5613460000,"8,025"
2009-04-24,"7,957.45","8,182.3","7,905.6","8,076.29",7114440000,"8,076.29"
2009-04-23,"7,886.81","8,015.36","7,762.8","7,957.06",6563100000,"7,957.06"
2009-04-22,"7,964.78","8,111.02","7,802.46","7,886.57",7327860000,"7,886.57"
2009-04-21,"7,841.73","8,027.54","7,699.79","7,969.56",7436489600,"7,969.56"
2009-04-20,"8,128.94","8,128.94","7,801.58","7,841.73",6973960000,"7,841.73"
2009-04-17,"8,125.43","8,251.2","8,024.92","8,131.33",7352009600,"8,131.33"
2009-04-16,"8,029.14","8,201.81","7,933.08","8,125.43",6598670000,"8,125.43"
2009-04-15,"7,914.92","8,069.92","7,808.19","8,029.62",6241100000,"8,029.62"
2009-04-14,"8,057.41","8,076.05","7,840.53","7,920.18",7569840000,"7,920.18"
2009-04-13,"8,082.02","8,146.86","7,888.96","8,057.81",6434890000,"8,057.81"
2009-04-09,"7,839.89","8,150.44","7,839.89","8,083.38",7600710400,"8,083.38"
2009-04-08,"7,788.68","7,925.36","7,715.09","7,837.11",5938460000,"7,837.11"
2009-04-07,"7,968.92","7,968.92","7,733.56","7,789.56",5155580000,"7,789.56"
2009-04-06,"8,016.16","8,037.42","7,830.66","7,975.85",6210000000,"7,975.85"
2009-04-03,"7,980.63","8,090.71","7,850.33","8,017.59",5855640000,"8,017.59"
2009-04-02,"7,763.99","8,129.33","7,763.99","7,978.08",7542809600,"7,978.08"
2009-04-01,"7,606.13","7,804.77","7,450.74","7,761.6",6034140000,"7,761.6"
2009-03-31,"7,523.77","7,744.24","7,502.98","7,608.92",6089100000,"7,608.92"
2009-03-30,"7,773.31","7,773.31","7,406.85","7,522.02",5912660000,"7,522.02"
2009-03-27,"7,922.57","7,922.57","7,695.97","7,776.18",5600210000,"7,776.18"
2009-03-26,"7,752.36","7,969","7,709.19","7,924.56",6992960000,"7,924.56"
2009-03-25,"7,659.81","7,897.48","7,539.54","7,749.81",7687180000,"7,749.81"
2009-03-24,"7,773.47","7,837.11","7,585.98","7,660.21",6767980000,"7,660.21"
2009-03-23,"7,279.25","7,789.24","7,279.25","7,775.86",7715769600,"7,775.86"
2009-03-20,"7,402.31","7,524.81","7,215.77","7,278.38",7643720000,"7,278.38"
2009-03-19,"7,489.68","7,624.45","7,325.13","7,400.8",9033870400,"7,400.8"
2009-03-18,"7,395.7","7,592.03","7,218.24","7,486.58",9098449600,"7,486.58"
2009-03-17,"7,218","7,407.41","7,129.6","7,395.7",6156800000,"7,395.7"
2009-03-16,"7,225.33","7,428.75","7,171.41","7,216.97",7883540000,"7,216.97"
2009-03-13,"7,219.2","7,241.98","7,106.34","7,223.98",6787089600,"7,223.98"
2009-03-12,"6,932.39","7,198.25","6,840.79","7,170.06",7326630400,"7,170.06"
2009-03-11,"6,923.13","7,078.22","6,804.55","6,930.4",7287809600,"6,930.4"
2009-03-10,"6,547.01","6,951.5","6,547.01","6,926.49",8618329600,"6,926.49"
2009-03-09,"6,625.74","6,758.44","6,440.08","6,547.05",7277320000,"6,547.05"
2009-03-06,"6,595.16","6,776.44","6,443.27","6,626.94",7331830400,"6,626.94"
2009-03-05,"6,874.01","6,874.01","6,531.28","6,594.44",7507249600,"6,594.44"
2009-03-04,"6,726.5","7,012.19","6,715.11","6,875.84",7673620000,"6,875.84"
2009-03-03,"6,764.81","6,922.59","6,661.74","6,726.02",7583230400,"6,726.02"
2009-03-02,"7,056.48","7,056.48","6,736.69","6,763.29",7868289600,"6,763.29"
2009-02-27,"7,180.97","7,244.61","6,952.06","7,062.93",8926480000,"7,062.93"
2009-02-26,"7,269.06","7,451.13","7,135.25","7,182.08",7599969600,"7,182.08"
2009-02-25,"7,349.58","7,442.13","7,123.94","7,270.89",7483640000,"7,270.89"
2009-02-24,"7,115.34","7,396.34","7,077.35","7,350.94",7234489600,"7,350.94"
2009-02-23,"7,365.99","7,477.1","7,092.64","7,114.78",6509300000,"7,114.78"
2009-02-20,"7,461.49","7,500.44","7,226.29","7,365.67",8210590400,"7,365.67"
2009-02-19,"7,555.23","7,679.01","7,420.63","7,465.95",5746940000,"7,465.95"
2009-02-18,"7,546.35","7,661.56","7,451.37","7,555.63",5740710000,"7,555.63"
2009-02-17,"7,845.63","7,845.63","7,502.59","7,552.6",5907820000,"7,552.6"
2009-02-13,"7,933","8,005.96","7,811.38","7,850.41",5296650000,"7,850.41"
2009-02-12,"7,931.97","7,956.02","7,662.04","7,932.76",6476460000,"7,932.76"
2009-02-11,"7,887.05","8,042.36","7,820.14","7,939.53",5926460000,"7,939.53"
2009-02-10,"8,269.36","8,293.17","7,835.83","7,888.88",6770169600,"7,888.88"
2009-02-09,"8,281.38","8,376.56","8,137.7","8,270.87",5574370000,"8,270.87"
2009-02-06,"8,056.38","8,360.07","8,044.03","8,280.59",6484100000,"8,280.59"
2009-02-05,"7,954.83","8,138.65","7,811.7","8,063.07",6624030000,"8,063.07"
2009-02-04,"8,070.32","8,197.04","7,899.79","7,956.66",6420450000,"7,956.66"
2009-02-03,"7,936.99","8,157.13","7,855.19","8,078.36",5886310000,"8,078.36"
2009-02-02,"8,000.62","8,053.43","7,796.17","7,936.83",5673270000,"7,936.83"
2009-01-30,"8,149.01","8,243.95","7,924.88","8,000.86",5350580000,"8,000.86"
2009-01-29,"8,373.06","8,373.06","8,092.14","8,149.01",5067060000,"8,149.01"
2009-01-28,"8,175.93","8,446.33","8,175.93","8,375.45",6199180000,"8,375.45"
2009-01-27,"8,117.39","8,264.1","8,042.6","8,174.73",5353260000,"8,174.73"
2009-01-26,"8,078.04","8,278.12","7,971.15","8,116.03",6039940000,"8,116.03"
2009-01-23,"8,108.79","8,187.88","7,856.86","8,077.56",5832160000,"8,077.56"
2009-01-22,"8,224.43","8,239.33","7,925.75","8,122.8",5843830000,"8,122.8"
2009-01-21,"7,949.17","8,286.4","7,890.63","8,228.1",6467830000,"8,228.1"
2009-01-20,"8,279.63","8,309.02","7,920.66","7,949.09",6375230000,"7,949.09"
2009-01-16,"8,215.67","8,424.59","8,086.01","8,281.22",6786040000,"8,281.22"
2009-01-15,"8,196.24","8,326.06","7,949.65","8,212.49",7807350400,"8,212.49"
2009-01-14,"8,446.01","8,446.01","8,097.95","8,200.14",5407880000,"8,200.14"
2009-01-13,"8,474.61","8,584.68","8,325.59","8,448.56",5567460000,"8,448.56"
2009-01-12,"8,599.26","8,653.97","8,391.85","8,473.97",4725050000,"8,473.97"
2009-01-09,"8,738.8","8,800.45","8,541.75","8,599.18",4716500000,"8,599.18"
2009-01-08,"8,769.94","8,807.14","8,593.52","8,742.46",4991550000,"8,742.46"
2009-01-07,"8,996.94","8,996.94","8,690.45","8,769.7",4704940000,"8,769.7"
2009-01-06,"8,954.57","9,175.19","8,868.07","9,015.1",5392620000,"9,015.1"
2009-01-05,"9,027.13","9,093.47","8,841.7","8,952.89",5413910000,"8,952.89"
2009-01-02,"8,772.25","9,080.57","8,725.1","9,034.69",4048270000,"9,034.69"
2008-12-31,"8,666.48","8,862.65","8,634.06","8,776.39",4172940000,"8,776.39"
2008-12-30,"8,487.51","8,700.89","8,463.7","8,668.39",3627800000,"8,668.39"
2008-12-29,"8,515.87","8,575.6","8,349.24","8,483.93",3323430000,"8,483.93"
2008-12-26,"8,468.71","8,581.58","8,434.94","8,515.55",1880050000,"8,515.55"
2008-12-24,"8,428.17","8,498.26","8,417.02","8,468.48",1546550000,"8,468.48"
2008-12-23,"8,518.65","8,647.6","8,376.8","8,419.49",4051970000,"8,419.49"
2008-12-22,"8,573.37","8,672.06","8,351.79","8,519.69",4869850000,"8,519.69"
2008-12-19,"8,606.5","8,823.78","8,499.06","8,579.11",6705310000,"8,579.11"
2008-12-18,"8,823.94","8,946.36","8,516.02","8,604.99",5675000000,"8,604.99"
2008-12-17,"8,921.91","9,001.96","8,701.13","8,824.34",5907380000,"8,824.34"
2008-12-16,"8,565.65","8,985.63","8,534.03","8,924.14",6009780000,"8,924.14"
2008-12-15,"8,628.81","8,738.4","8,431.04","8,564.53",4982390000,"8,564.53"
2008-12-12,"8,563.1","8,705.43","8,272.22","8,629.68",5959590000,"8,629.68"
2008-12-11,"8,750.13","8,861.86","8,480.18","8,565.09",5513840000,"8,565.09"
2008-12-10,"8,693","8,942.46","8,589.86","8,761.42",5942130000,"8,761.42"
2008-12-09,"8,934.1","8,978.14","8,591.69","8,691.33",5693110000,"8,691.33"
2008-12-08,"8,637.65","9,151.61","8,637.65","8,934.18",6553600000,"8,934.18"
2008-12-05,"8,376.08","8,722.47","8,084.25","8,635.42",6165370000,"8,635.42"
2008-12-04,"8,587.07","8,705.98","8,222.84","8,376.24",5860390000,"8,376.24"
2008-12-03,"8,409.14","8,654.77","8,170.19","8,591.69",6221880000,"8,591.69"
2008-12-02,"8,153.75","8,490.62","8,072.47","8,419.09",6170100000,"8,419.09"
2008-12-01,"8,826.89","8,826.89","8,123.04","8,149.09",6052010000,"8,149.09"
2008-11-28,"8,690.24","8,840.33","8,687.05","8,829.04",2740860000,"8,829.04"
2008-11-26,"8,464.49","8,760.46","8,250.8","8,726.61",5793260000,"8,726.61"
2008-11-25,"8,445.14","8,682.09","8,244.43","8,479.47",6952700000,"8,479.47"
2008-11-24,"8,048.09","8,624.27","8,023.32","8,443.39",7879440000,"8,443.39"
2008-11-21,"7,552.37","8,121.45","7,392.27","8,046.42",9495900000,"8,046.42"
2008-11-20,"7,995.53","8,224.35","7,464.51","7,552.29",9093740000,"7,552.29"
2008-11-19,"8,420.69","8,534.34","7,967.33","7,997.28",6548600000,"7,997.28"
2008-11-18,"8,273.34","8,540.08","8,075.81","8,424.75",6679470000,"8,424.75"
2008-11-17,"8,494.84","8,596.31","8,197.12","8,273.58",4927490000,"8,273.58"
2008-11-14,"8,822.19","8,980.93","8,421.08","8,497.31",5881030000,"8,497.31"
2008-11-13,"8,281.14","8,898.41","7,947.74","8,835.25",7849120000,"8,835.25"
2008-11-12,"8,684.52","8,684.52","8,235.66","8,282.66",5764180000,"8,282.66"
2008-11-11,"8,864.32","8,892.2","8,499.62","8,693.96",4998340000,"8,693.96"
2008-11-10,"8,946.6","9,212.94","8,735.61","8,870.54",4572000000,"8,870.54"
2008-11-07,"8,696.03","9,032.54","8,661.22","8,943.81",4931640000,"8,943.81"
2008-11-06,"9,134.01","9,216.37","8,607.14","8,695.79",6102230000,"8,695.79"
2008-11-05,"9,616.6","9,628.15","9,086.06","9,139.27",5426640000,"9,139.27"
2008-11-04,"9,323.89","9,711.46","9,323.89","9,625.28",5531290000,"9,625.28"
2008-11-03,"9,326.04","9,488.92","9,175.03","9,319.83",4492280000,"9,319.83"
2008-10-31,"9,179.09","9,498.48","9,014.78","9,325.01",6394350000,"9,325.01"
2008-10-30,"9,004.66","9,380.36","8,916.81","9,180.69",6175830000,"9,180.69"
2008-10-29,"9,062.33","9,405.05","8,800.61","8,990.96",7077800000,"8,990.96"
2008-10-28,"8,178.72","9,112.51","8,153.79","9,065.12",7096950400,"9,065.12"
2008-10-27,"8,375.92","8,639.64","8,085.37","8,175.77",5558050000,"8,175.77"
2008-10-24,"8,683.21","8,683.21","8,088.63","8,378.95",6550050000,"8,378.95"
2008-10-23,"8,519.77","8,864.48","8,200.06","8,691.25",7189900000,"8,691.25"
2008-10-22,"9,027.84","9,027.84","8,324.07","8,519.21",6147980000,"8,519.21"
2008-10-21,"9,179.11","9,293.07","9,017.3","9,045.21",5121830000,"9,045.21"
2008-10-20,"8,852.3","9,305.89","8,799.49","9,265.43",5175640000,"9,265.43"
2008-10-17,"8,975.35","9,304.38","8,640.83","8,852.22",6581780000,"8,852.22"
2008-10-16,"8,577.04","9,073.64","8,176.17","8,979.26",7984500000,"8,979.26"
2008-10-15,"9,301.91","9,301.91","8,516.5","8,577.91",6542330000,"8,577.91"
2008-10-14,"9,388.97","9,924.28","9,050.06","9,310.99",8161990400,"9,310.99"
2008-10-13,"8,462.42","9,501.91","8,462.42","9,387.61",7263369600,"9,387.61"
2008-10-10,"8,568.67","8,989.13","7,773.71","8,451.19",11456230400,"8,451.19"
2008-10-09,"9,261.69","9,522.77","8,523.27","8,579.19",8285670400,"8,579.19"
2008-10-08,"9,437.23","9,778.04","9,042.97","9,258.1",8716329600,"9,258.1"
2008-10-07,"9,955.42","10,205.04","9,391.67","9,447.11",7069209600,"9,447.11"
2008-10-06,"10,322.52","10,322.52","9,503.1","9,955.5",7956020000,"9,955.5"
2008-10-03,"10,483.96","10,844.69","10,261.75","10,325.38",6716120000,"10,325.38"
2008-10-02,"10,825.54","10,843.1","10,368.08","10,482.85",6285640000,"10,482.85"
2008-10-01,"10,847.4","11,022.06","10,495.99","10,831.07",5782130000,"10,831.07"
2008-09-30,"10,371.58","10,922.03","10,371.58","10,850.66",6065000000,"10,850.66"
2008-09-29,"11,139.62","11,139.62","10,266.76","10,365.45",7305060000,"10,365.45"
2008-09-26,"11,019.04","11,218.48","10,781.37","11,143.13",5383610000,"11,143.13"
2008-09-25,"10,827.17","11,206.05","10,799.77","11,022.06",5877640000,"11,022.06"
2008-09-24,"10,850.02","11,041.02","10,696.38","10,825.17",4820360000,"10,825.17"
2008-09-23,"11,015.69","11,214.65","10,763.77","10,854.17",5185730000,"10,854.17"
2008-09-22,"11,394.42","11,450.81","10,956.43","11,015.69",5368130000,"11,015.69"
2008-09-19,"11,027.51","11,415.48","11,027.51","11,388.44",9387169600,"11,388.44"
2008-09-18,"10,609.01","11,149.07","10,403.75","11,019.69",10082689600,"11,019.69"
2008-09-17,"11,056.58","11,068.87","10,521.81","10,609.66",9431870400,"10,609.66"
2008-09-16,"10,905.62","11,193.12","10,604.7","11,059.02",9459830400,"11,059.02"
2008-09-15,"11,416.37","11,416.37","10,849.85","10,917.51",8279510400,"10,917.51"
2008-09-12,"11,429.32","11,532.72","11,191.08","11,421.99",6273260000,"11,421.99"
2008-09-11,"11,264.44","11,461.15","11,018.72","11,433.71",6869249600,"11,433.71"
2008-09-10,"11,233.91","11,453.5","11,135.64","11,268.92",6543440000,"11,268.92"
2008-09-09,"11,514.73","11,623.5","11,209.81","11,230.73",7380630400,"11,230.73"
2008-09-08,"11,224.87","11,656.64","11,224.87","11,510.74",7351340000,"11,510.74"
2008-09-05,"11,185.63","11,301.73","10,998.77","11,220.96",5017080000,"11,220.96"
2008-09-04,"11,532.48","11,532.48","11,130.26","11,188.23",5212500000,"11,188.23"
2008-09-03,"11,506.01","11,629.69","11,328.84","11,532.88",5056980000,"11,532.88"
2008-09-02,"11,545.63","11,831.29","11,444.79","11,516.92",4783560000,"11,516.92"
2008-08-29,"11,713.23","11,730.49","11,508.78","11,543.55",3288120000,"11,543.55"
2008-08-28,"11,499.87","11,756.46","11,493.72","11,715.18",3854280000,"11,715.18"
2008-08-27,"11,412.46","11,575.14","11,349.69","11,502.51",3499610000,"11,502.51"
2008-08-26,"11,383.56","11,483.62","11,284.47","11,412.87",3587570000,"11,412.87"
2008-08-25,"11,626.19","11,626.19","11,336.82","11,386.25",3420600000,"11,386.25"
2008-08-22,"11,426.79","11,684","11,426.79","11,628.06",3741070000,"11,628.06"
2008-08-21,"11,415.23","11,501.29","11,263.63","11,430.21",4032590000,"11,430.21"
2008-08-20,"11,345.94","11,511.06","11,240.18","11,417.43",4555030000,"11,417.43"
2008-08-19,"11,478.09","11,501.45","11,260.53","11,348.55",4159760000,"11,348.55"
2008-08-18,"11,659.65","11,744.49","11,410.18","11,479.39",3829290000,"11,479.39"
2008-08-15,"11,611.21","11,776.41","11,540.05","11,659.9",4041820000,"11,659.9"
2008-08-14,"11,532.07","11,744.33","11,399.84","11,615.93",4064000000,"11,615.93"
2008-08-13,"11,632.81","11,689.05","11,377.37","11,532.96",4787600000,"11,532.96"
2008-08-12,"11,781.7","11,830.39","11,541.43","11,642.47",4711290000,"11,642.47"
2008-08-11,"11,729.67","11,933.55","11,580.19","11,782.35",5067310000,"11,782.35"
2008-08-08,"11,432.09","11,808.49","11,344.23","11,734.32",4966810000,"11,734.32"
2008-08-07,"11,655.42","11,680.5","11,355.63","11,431.43",5319380000,"11,431.43"
2008-08-06,"11,603.64","11,745.71","11,454.64","11,656.07",4873420000,"11,656.07"
2008-08-05,"11,286.02","11,652.24","11,286.02","11,615.77",1219310000,"11,615.77"
2008-08-04,"11,326.32","11,449.67","11,144.59","11,284.15",4562280000,"11,284.15"
2008-08-01,"11,379.89","11,512.61","11,205.41","11,326.32",4684870000,"11,326.32"
2008-07-31,"11,577.99","11,631.16","11,317.69","11,378.02",5346050000,"11,378.02"
2008-07-30,"11,397.56","11,681.47","11,328.68","11,583.69",5631330000,"11,583.69"
2008-07-29,"11,133.44","11,444.05","11,086.13","11,397.56",5414240000,"11,397.56"
2008-07-28,"11,369.47","11,439.25","11,094.76","11,131.08",4282960000,"11,131.08"
2008-07-25,"11,341.14","11,540.78","11,252.47","11,370.69",4672560000,"11,370.69"
2008-07-24,"11,630.34","11,714.21","11,288.79","11,349.28",6127980000,"11,349.28"
2008-07-23,"11,603.39","11,820.21","11,410.02","11,632.38",6705830000,"11,632.38"
2008-07-22,"11,457.9","11,692.79","11,273.32","11,602.5",6180230000,"11,602.5"
2008-07-21,"11,495.02","11,663.4","11,339.02","11,467.34",4630640000,"11,467.34"
2008-07-18,"11,436.56","11,599.57","11,290.5","11,496.57",5653280000,"11,496.57"
2008-07-17,"11,238.39","11,538.5","11,118.46","11,446.66",7365209600,"11,446.66"
2008-07-16,"10,961.89","11,308.41","10,831.61","11,239.28",6738630400,"11,239.28"
2008-07-15,"11,050.8","11,201.67","10,731.96","10,962.54",7363640000,"10,962.54"
2008-07-14,"11,103.64","11,299.7","10,972.63","11,055.19",5434860000,"11,055.19"
2008-07-11,"11,226.17","11,292.04","10,908.64","11,100.54",6742200000,"11,100.54"
2008-07-10,"11,148.01","11,351.24","11,006.01","11,229.02",5840430000,"11,229.02"
2008-07-09,"11,381.93","11,505.12","11,115.61","11,147.44",5181000000,"11,147.44"
2008-07-08,"11,225.03","11,459.52","11,101.19","11,384.21",6034110000,"11,384.21"
2008-07-07,"11,289.19","11,477.52","11,094.44","11,231.96",5265420000,"11,231.96"
2008-07-03,"11,297.33","11,336.49","11,158.02","11,288.53",3247590000,"11,288.53"
2008-07-02,"11,382.34","11,510.41","11,180.58","11,215.51",5276090000,"11,215.51"
2008-07-01,"11,344.64","11,465.79","11,106.65","11,382.26",5846290000,"11,382.26"
2008-06-30,"11,345.7","11,504.55","11,226.34","11,350.01",5032330000,"11,350.01"
2008-06-27,"11,452.85","11,556.33","11,248.48","11,346.51",6208260000,"11,346.51"
2008-06-26,"11,808.57","11,808.57","11,431.92","11,453.42",5231280000,"11,453.42"
2008-06-25,"11,805.31","12,008.7","11,683.75","11,811.83",4825640000,"11,811.83"
2008-06-24,"11,842.36","11,962.37","11,668.53","11,807.43",4705050000,"11,807.43"
2008-06-23,"11,843.83","11,986.96","11,731.06","11,842.36",4186370000,"11,842.36"
2008-06-20,"12,062.19","12,078.23","11,785.04","11,842.69",5324900000,"11,842.69"
2008-06-19,"12,022.54","12,188.31","11,881.03","12,063.09",4811670000,"12,063.09"
2008-06-18,"12,158.68","12,212.33","11,947.07","12,029.06",4573570000,"12,029.06"
2008-06-17,"12,269.65","12,378.67","12,114.14","12,160.3",3801960000,"12,160.3"
2008-06-16,"12,306.86","12,381.44","12,139.79","12,269.08",3706940000,"12,269.08"
2008-06-13,"12,144.59","12,376.72","12,096.23","12,307.35",4080420000,"12,307.35"
2008-06-12,"12,089.63","12,337.72","12,041.43","12,141.58",4734240000,"12,141.58"
2008-06-11,"12,286.34","12,317.2","12,029.46","12,083.77",4779980000,"12,083.77"
2008-06-10,"12,277.71","12,425.98","12,116.58","12,289.76",4635070000,"12,289.76"
2008-06-09,"12,210.13","12,406.36","12,102.5","12,280.32",4404570000,"12,280.32"
2008-06-06,"12,602.74","12,602.74","12,180.5","12,209.81",4771660000,"12,209.81"
2008-06-05,"12,388.81","12,652.81","12,358.07","12,604.45",4350790000,"12,604.45"
2008-06-04,"12,391.86","12,540.37","12,283.74","12,390.48",4338640000,"12,390.48"
2008-06-03,"12,503.2","12,620.98","12,317.61","12,402.85",4396380000,"12,402.85"
2008-06-02,"12,637.67","12,645.4","12,385.76","12,503.82",3714320000,"12,503.82"
2008-05-30,"12,647.36","12,750.84","12,555.6","12,638.32",3845630000,"12,638.32"
2008-05-29,"12,593.87","12,760.21","12,493.47","12,646.22",3894440000,"12,646.22"
2008-05-28,"12,542.9","12,693.77","12,437.38","12,594.03",3927240000,"12,594.03"
2008-05-27,"12,479.63","12,626.84","12,397.56","12,548.35",3588860000,"12,548.35"
2008-05-23,"12,620.9","12,637.43","12,420.2","12,479.63",3516380000,"12,479.63"
2008-05-22,"12,597.69","12,743.68","12,515.78","12,625.62",3955960000,"12,625.62"
2008-05-21,"12,824.94","12,926.71","12,550.39","12,601.19",4517990000,"12,601.19"
2008-05-20,"13,026.04","13,026.04","12,742.29","12,828.68",3854320000,"12,828.68"
2008-05-19,"12,985.41","13,170.97","12,899.19","13,028.16",3683970000,"13,028.16"
2008-05-16,"12,992.74","13,069.52","12,860.6","12,986.8",3842590000,"12,986.8"
2008-05-15,"12,891.29","13,028.16","12,798.39","12,992.66",3836480000,"12,992.66"
2008-05-14,"12,825.12","13,037.44","12,806.21","12,898.38",3979370000,"12,898.38"
2008-05-13,"12,872.08","12,957.65","12,716.16","12,832.18",4018590000,"12,832.18"
2008-05-12,"12,768.38","12,903.33","12,746.36","12,876.05",3370630000,"12,876.05"
2008-05-09,"12,860.68","12,871.75","12,648.09","12,745.88",3518620000,"12,745.88"
2008-05-08,"12,814.84","12,965.95","12,727.56","12,866.78",3827550000,"12,866.78"
2008-05-07,"13,010.82","13,097.77","12,756.14","12,814.35",4075860000,"12,814.35"
2008-05-06,"12,968.89","13,071.07","12,817.53","13,020.83",3924100000,"13,020.83"
2008-05-05,"13,056.57","13,105.75","12,896.5","12,969.54",3410090000,"12,969.54"
2008-05-02,"13,012.53","13,191.49","12,931.35","13,058.2",3953030000,"13,058.2"
2008-05-01,"12,818.34","13,079.94","12,721.94","13,010",4448780000,"13,010"
2008-04-30,"12,831.45","13,052.91","12,746.45","12,820.13",4508890000,"12,820.13"
2008-04-29,"12,870.37","12,970.27","12,737.82","12,831.94",3815320000,"12,831.94"
2008-04-28,"12,890.76","13,015.62","12,791.55","12,871.75",3607000000,"12,871.75"
2008-04-25,"12,848.38","12,987.29","12,703.7","12,891.86",3891150000,"12,891.86"
2008-04-24,"12,764.68","12,979.88","12,651.51","12,848.95",4461660000,"12,848.95"
2008-04-23,"12,721.45","12,883.8","12,627","12,763.22",4103610000,"12,763.22"
2008-04-22,"12,825.02","12,870.86","12,604.53","12,720.23",3821900000,"12,720.23"
2008-04-21,"12,850.91","12,902.69","12,666.08","12,825.02",3420570000,"12,825.02"
2008-04-18,"12,626.76","12,965.47","12,626.76","12,849.36",4222380000,"12,849.36"
2008-04-17,"12,617.4","12,725.93","12,472.71","12,620.49",3713880000,"12,620.49"
2008-04-16,"12,371.51","12,670.56","12,371.51","12,619.27",4260370000,"12,619.27"
2008-04-15,"12,303.6","12,459.36","12,223.97","12,362.47",3581230000,"12,362.47"
2008-04-14,"12,324.77","12,430.86","12,208.42","12,302.06",3565020000,"12,302.06"
2008-04-11,"12,579.78","12,579.78","12,280.89","12,325.42",3723790000,"12,325.42"
2008-04-10,"12,526.78","12,705.9","12,447.96","12,581.98",3686150000,"12,581.98"
2008-04-09,"12,574.65","12,686.93","12,416.53","12,527.26",3556670000,"12,527.26"
2008-04-08,"12,602.66","12,664.38","12,440.55","12,576.44",3602500000,"12,576.44"
2008-04-07,"12,612.59","12,786.83","12,550.22","12,612.43",3747780000,"12,612.43"
2008-04-04,"12,626.35","12,738.3","12,489.4","12,609.42",3703100000,"12,609.42"
2008-04-03,"12,604.69","12,734.97","12,455.04","12,626.03",3920100000,"12,626.03"
2008-04-02,"12,651.67","12,790.28","12,488.22","12,608.92",4320440000,"12,608.92"
2008-04-01,"12,266.64","12,693.93","12,266.64","12,654.36",4745120000,"12,654.36"
2008-03-31,"12,215.92","12,384.84","12,095.18","12,262.89",4188990000,"12,262.89"
2008-03-28,"12,303.92","12,441.67","12,164.22","12,216.4",3686980000,"12,216.4"
2008-03-27,"12,421.88","12,528.13","12,264.76","12,302.46",4037930000,"12,302.46"
2008-03-26,"12,531.79","12,531.79","12,309.62","12,422.86",4055670000,"12,422.86"
2008-03-25,"12,547.34","12,639.82","12,397.62","12,532.6",4145120000,"12,532.6"
2008-03-24,"12,361.97","12,687.61","12,346.17","12,548.64",4499000000,"12,548.64"
2008-03-20,"12,102.43","12,434.34","12,024.68","12,361.32",6145220000,"12,361.32"
2008-03-19,"12,391.52","12,525.19","12,077.27","12,099.66",5358550000,"12,099.66"
2008-03-18,"11,975.92","12,411.63","11,975.92","12,392.66",5335630000,"12,392.66"
2008-03-17,"11,946.45","12,119.69","11,650.44","11,972.25",5683010000,"11,972.25"
2008-03-14,"12,146.39","12,249.86","11,781.43","11,951.09",5153780000,"11,951.09"
2008-03-13,"12,096.49","12,242.29","11,832.88","12,145.74",5073360000,"12,145.74"
2008-03-12,"12,148.61","12,360.58","12,037.79","12,110.24",4414280000,"12,110.24"
2008-03-11,"11,741.33","12,205.98","11,741.33","12,156.81",5109080000,"12,156.81"
2008-03-10,"11,893.04","11,993.75","11,691.47","11,740.15",4261240000,"11,740.15"
2008-03-07,"12,039.09","12,131.33","11,778.66","11,893.69",4565410000,"11,893.69"
2008-03-06,"12,254.59","12,267.86","12,010.03","12,040.39",4323460000,"12,040.39"
2008-03-05,"12,204.93","12,392.74","12,105.36","12,254.99",4277710000,"12,254.99"
2008-03-04,"12,259.14","12,291.22","11,991.06","12,213.8",4757180000,"12,213.8"
2008-03-03,"12,264.36","12,344.71","12,101.29","12,258.9",4117570000,"12,258.9"
2008-02-29,"12,579.58","12,579.58","12,210.3","12,266.39",4426730000,"12,266.39"
2008-02-28,"12,689.28","12,713.99","12,463.32","12,582.18",3938580000,"12,582.18"
2008-02-27,"12,683.54","12,815.59","12,527.64","12,694.28",3904700000,"12,694.28"
2008-02-26,"12,569.48","12,771.14","12,449.08","12,684.92",4096060000,"12,684.92"
2008-02-25,"12,380.77","12,612.47","12,292.03","12,570.22",3866350000,"12,570.22"
2008-02-22,"12,281.09","12,429.05","12,116.92","12,381.02",3572660000,"12,381.02"
2008-02-21,"12,426.85","12,545.79","12,225.36","12,284.3",3696660000,"12,284.3"
2008-02-20,"12,333.31","12,489.29","12,159.42","12,427.26",3870520000,"12,427.26"
2008-02-19,"12,349.59","12,571.11","12,276.81","12,337.22",3613550000,"12,337.22"
2008-02-15,"12,376.66","12,441.2","12,216.68","12,348.21",3583300000,"12,348.21"
2008-02-14,"12,551.51","12,611.26","12,332.03","12,376.98",3644760000,"12,376.98"
2008-02-13,"12,368.12","12,627.76","12,354.22","12,552.24",3856420000,"12,552.24"
2008-02-12,"12,241.56","12,524.12","12,207.9","12,373.41",4044640000,"12,373.41"
2008-02-11,"12,181.89","12,332.76","12,006.79","12,240.01",3593140000,"12,240.01"
2008-02-08,"12,248.47","12,330.97","12,058.01","12,182.13",3768490000,"12,182.13"
2008-02-07,"12,196.2","12,366.99","12,045","12,247",4589160000,"12,247"
2008-02-06,"12,257.25","12,436.33","12,142.14","12,200.1",4008120000,"12,200.1"
2008-02-05,"12,631.85","12,631.85","12,234.97","12,265.13",4315740000,"12,265.13"
2008-02-04,"12,743.11","12,810.34","12,557.61","12,635.16",3495780000,"12,635.16"
2008-02-01,"12,638.17","12,841.88","12,510.05","12,743.19",4650770000,"12,743.19"
2008-01-31,"12,438.28","12,734.74","12,197.09","12,650.36",4970290000,"12,650.36"
2008-01-30,"12,480.14","12,715.96","12,311.55","12,442.83",4742760000,"12,442.83"
2008-01-29,"12,385.19","12,604.92","12,262.29","12,480.3",4232960000,"12,480.3"
2008-01-28,"12,205.71","12,423.81","12,061.42","12,383.89",4100930000,"12,383.89"
2008-01-25,"12,391.7","12,590.69","12,103.61","12,207.17",4882250000,"12,207.17"
2008-01-24,"12,272.69","12,522.82","12,114.83","12,378.61",5735300000,"12,378.61"
2008-01-23,"11,969.08","12,339.1","11,530.12","12,270.17",3241680000,"12,270.17"
2008-01-22,"12,092.72","12,167.42","11,508.74","11,971.19",6544690000,"11,971.19"
2008-01-18,"12,159.94","12,441.85","11,953.71","12,099.3",6004840000,"12,099.3"
2008-01-17,"12,467.05","12,597.85","12,089.38","12,159.21",5303130000,"12,159.21"
2008-01-16,"12,476.81","12,699.05","12,294.48","12,466.16",5440620000,"12,466.16"
2008-01-15,"12,777.5","12,777.5","12,425.92","12,501.11",4601640000,"12,501.11"
2008-01-14,"12,613.78","12,866.1","12,596.95","12,778.15",3682090000,"12,778.15"
2008-01-11,"12,850.74","12,863.34","12,495.91","12,606.3",4495840000,"12,606.3"
2008-01-10,"12,733.11","12,931.29","12,632.15","12,853.09",5170490000,"12,853.09"
2008-01-09,"12,590.21","12,814.97","12,431.53","12,735.31",5351030000,"12,735.31"
2008-01-08,"12,820.9","12,998.11","12,511.03","12,589.07",4705390000,"12,589.07"
2008-01-07,"12,801.15","12,984.95","12,640.44","12,827.49",4221260000,"12,827.49"
2008-01-04,"13,046.56","13,049.65","12,740.51","12,800.18",4166000000,"12,800.18"
2008-01-03,"13,044.12","13,197.43","12,968.44","13,056.72",3429500000,"13,056.72"
2008-01-02,"13,261.82","13,338.23","12,969.42","13,043.96",3452650000,"13,043.96"